{
	"name": "torch",
	"title": "Torch",
	"description": "Torch HUD Controls",
	"version": "1.4.4",
	"author": "Deuce",
	"languages": [
		{
			"lang": "en",
			"name": "English",
			"path": "./lang/en.json"
		},
		{
			"lang": "cn",
			"name": "中文",
			"path": "./lang/cn.json"
		},
		{
			"lang": "fr",
			"name": "Français",
			"path": "./lang/fr.json"
		},
		{
			"lang": "es",
			"name": "Español",
			"path": "./lang/es.json"
		},
		{
			"lang": "pt-br",
			"name": "Português (Brasil)",
			"path": "./lang/pt-BR.json"
		},
		{
			"lang": "zh-tw",
			"name": "正體中文",
			"path": "./lang/zh-TW.json"
	   }
	],
	"esmodules": ["./torch.js"],
	"socket": true,
	"styles": [],
	"packs": [],
	"manifest": "https://raw.githubusercontent.com/League-of-Foundry-Developers/torch/master/module.json",
	"download": "https://raw.githubusercontent.com/League-of-Foundry-Developers/torch/master/torch.zip",
	"url": "https://github.com/League-of-Foundry-Developers/torch",
	"minimumCoreVersion": "0.7.5",
	"compatibleCoreVersion": "9"
}
