{
	"id": "torch",
	"name": "torch",
	"title": "Torch",
	"description": "Torch HUD Controls",
	"version": "2.1.1",
	"authors": [{ "name": "Deuce"},{ "name": "Lupestro"}],
	"languages": [
		{
			"lang": "en",
			"name": "English",
			"path": "./lang/en.json"
		},
		{
			"lang": "cn",
			"name": "中文",
			"path": "./lang/cn.json"
		},
		{
			"lang": "de",
			"name": "Deutsch",
			"path": "./lang/de.json"
		},
		{
			"lang": "fr",
			"name": "Français",
			"path": "./lang/fr.json"
		},
		{
			"lang": "es",
			"name": "Español",
			"path": "./lang/es.json"
		},
		{
			"lang": "pt-br",
			"name": "Português (Brasil)",
			"path": "./lang/pt-BR.json"
		},
		{
			"lang": "zh-tw",
			"name": "正體中文",
			"path": "./lang/zh-TW.json"
	   }
	],
	"esmodules": ["./torch.js"],
	"socket": true,
	"styles": ["./torch.css"],
	"packs": [],
	"manifest": "https://raw.githubusercontent.com/League-of-Foundry-Developers/torch/v10/module.json",
	"download": "https://raw.githubusercontent.com/League-of-Foundry-Developers/torch/v10/torch.zip",
	"url": "https://github.com/League-of-Foundry-Developers/torch",
	"minimumCoreVersion": "10",
	"compatibility": {
		"minimum": "10",
		"verified": "10.284",
		"maximum": "10"
	}
}
